OLD_CUSIP,NEW_CUSIP
A97097398,097097398
A97097711,097097711
A97098230,097098230
A97098321,097098321
A64161367,064161367
A64161870,064161870
A64161797,064161797
A97097414,097097414
A97097471,097097471
A64161391,064161391
A64161235,064161235
A64161490,064161490
A97098560,097098560
A97098669,097098669
A97098685,097098685
A97098826,097098826
A64161599,064161599
A64161243,064161243
A97098677,097098677
A97097448,097097448
A64160179,064160179
A64161219,064161219
A97097695,097097695
A97098552,097098552
A97098545,097098545